{
	"100051701":{
	"name":"坚果 Pro 2S",
	"highlights":"双系统，无限屏，骁龙 ™ 710 处理器 · 前置 1600 万像素摄像头 · 6.01 英寸全高清全面屏 · AI 通话降噪 · 人脸解锁 + 指纹解锁 ",
	"maizeng":"赠软胶透明保护套（数量有限送完即止）",
	"jiagou":"坚果 Pro 2S 加 199 元享高效办公套装优惠 ",
	"lingjuan":"200 元坚果 Pro 2S 优惠券 ",
	"yansen":["碳黑色（细红线版）","炫光蓝701","炫光红","纯白色"],
	"rongliang":["4G + 64GB701"," 6G + 64GB701 "," 6G + 128999GB701 "],
	"baoxian1":["坚果 Pro 2S 意外碎屏保修服务 ","“屏幕意外摔碎，可以免费更换 ? ”","99","0.27"],
	"baoxian2":["坚果 Pro 2S 延长保修服务","将额外多获得 1 年保修服务","149","0.41"],
	"baoxiu":["在您购买“意外碎屏保修服务”后的有效期内，由于意外坠落、意外挤压或碰撞等非蓄意破坏的原因导致手机屏幕碎裂，可免费更换一次原装屏幕组件。您可选择在手机初次联网激活时或收货次日起 3 日内访问 ","如您购买本服务，在手机正常“三包” 1 年保修期结束后，将额外多获得 1 年保修服务。延长保修服务期为 1 年，自手机正常“三包” 1 年服务期的截止日之次日零时开始，至第二年对应日之 24 时结束。"],
	"price":"1,798.00",
	"img":"https://resource.smartisan.com/resource/b07b9765e272f866da6acda4ee107d88.png?x-oss-process=image/resize,w_527/format,webp"},
    "100051704":{
        	 "name":"坚果 Pro 2S",
        		"highlights":"双系统，无限屏，骁龙 ™ 710 处理器 · 前置 1600 万像素摄像头 · 6.01 英寸全高清全面屏 · AI 通话降噪 · 人脸解锁 + 指纹解锁 ",
        		"maizeng":"赠软胶透明保护套（数量有限送完即止）",
        		"jiagou":"坚果 Pro 2S 加 199 元享高效办公套装优惠 ",
        		"lingjuan":"200 元坚果 Pro 2S 优惠券 ",
        		"yansen":["碳黑色（细红线版）","炫光蓝","炫光红","纯白色"],
        		"rongliang":[" 4G + 64GB "," 6G + 64GB "," 6G + 128GB "],
        		"baoxian1":["坚果 Pro 2S 意外碎屏保修服务 ","“屏幕意外摔碎，可以免费更换 ? ”","99","0.27"],
        		"baoxian2":["坚果 Pro 2S 延长保修服务","将额外多获得 1 年保修服务","149","0.41"],
        		"baoxiu":["在您购买“意外碎屏保修服务”后的有效期内，由于意外坠落、意外挤压或碰撞等非蓄意破坏的原因导致手机屏幕碎裂，可免费更换一次原装屏幕组件。您可选择在手机初次联网激活时或收货次日起 3 日内访问 ","如您购买本服务，在手机正常“三包” 1 年保修期结束后，将额外多获得 1 年保修服务。延长保修服务期为 1 年，自手机正常“三包” 1 年服务期的截止日之次日零时开始，至第二年对应日之 24 时结束。"],
        		"price":"2,298.00",
        		"img":"https://resource.smartisan.com/resource/25cc6e783a664fbdf83c3c34774a9826.png?x-oss-process=image/resize,w_527/format,webp"
         },
         "100051706":{
        	 "name":"坚果 Pro 3S",
     		"highlights":"双系统，无限屏，骁龙 ™ 710 处理器 · 前置 1600 万像素摄像头 · 6.01 英寸全高清全面屏 · AI 通话降噪 · 人脸解锁 + 指纹解锁 ",
     		"maizeng":"赠软胶透明保护套（数量有限送完即止）",
     		"jiagou":"坚果 Pro 2S 加 199 元享高效办公套装优惠 ",
     		"lingjuan":"200 元坚果 Pro 2S 优惠券 ",
     		"yansen":["碳黑色（细红线版）","炫光蓝","炫光红","纯白色3"],
     		"rongliang":[" 4G + 64GB "," 6G + 64GB "," 6G + 128GB777"],
     		"baoxian1":["坚果 Pro 2S 意外碎屏保修服务 ","“屏幕意外摔碎，可以免费更换 ?3 ”","99","0.27"],
     		"baoxian2":["坚果 Pro 2S 延长保修服务","将额外多获得 1 年保修服务3","149","0.41"],
     		"baoxiu":["在您购买“意外碎屏保修服务”后的有效期内，由于意外坠落、意外挤压或碰撞等非蓄意破坏的原因导致手机屏幕碎裂，可免费更换一次原装屏幕组件。您可选择在手机初次联网激活时或收货次日起 3 日内访问 ","如您购买本服务，在手机正常“三包” 1 年保修期结束后，将额外多获得 1 年保修服务。延长保修服务期为 1 年，自手机正常“三包” 1 年服务期的截止日之次日零时开始，至第二年对应日之 24 时结束。"],
     		"price":"5,298.00",
     		"img":"https://resource.smartisan.com/resource/2f2afca6f88e3aef5b1f332ea0c1d65a.png?x-oss-process=image/resize,w_527/format,webp"
        	 
         },
         "100051708":{
        	 "name":"坚果 Pro 2S",
      		"highlights":"双系统，无限屏，骁龙 ™ 710 处理器 · 前置 1600 万像素摄像头 · 6.01 英寸全高清全面屏 · AI 通话降噪 · 人脸解锁 + 指纹解锁 ",
      		"maizeng":"赠软胶透明保护套（数量有限送完即止）",
      		"jiagou":"坚果 Pro 2S 加 199 元享高效办公套装优惠 ",
      		"lingjuan":"200 元坚果 Pro 2S 优惠券 ",
      		"yansen":["碳黑色（细红线版）","炫光蓝","炫光红","纯白色"],
      		"rongliang":[" 4G + 64GB "," 6G + 64GB "," 6G + 128GB "],
      		"baoxian1":["坚果 Pro 2S 意外碎屏保修服务 ","“屏幕意外摔碎，可以免费更换 ? ”","99","0.27"],
      		"baoxian2":["坚果 Pro 2S 延长保修服务","将额外多获得 1 年保修服务","149","0.41"],
      		"baoxiu":["在您购买“意外碎屏保修服务”后的有效期内，由于意外坠落、意外挤压或碰撞等非蓄意破坏的原因导致手机屏幕碎裂，可免费更换一次原装屏幕组件。您可选择在手机初次联网激活时或收货次日起 3 日内访问 ","如您购买本服务，在手机正常“三包” 1 年保修期结束后，将额外多获得 1 年保修服务。延长保修服务期为 1 年，自手机正常“三包” 1 年服务期的截止日之次日零时开始，至第二年对应日之 24 时结束。"],
      		"price":"2,298.00",
      		"img":"https://resource.smartisan.com/resource/6668df0e297bf04702df6d166091ac51.png?x-oss-process=image/resize,w_527/format,webp"	 
         },
         "100046401":{
        	"name":"坚果 R1",
       		"highlights":"骁龙 845 处理器 · 光学防抖双摄像头 · 6.17 英寸压力感应屏幕 · 10W快速无线充电功能",
       		"maizeng":"赠软胶透明保护套（数量有限送完即止）",
       		"jiagou":"坚果 Pro 2S 加 199 元享高效办公套装优惠 ",
       		"lingjuan":"200 元坚果 Pro 2S 优惠券 ",
       		"yansen":["碳黑色（细红线版）","孔雀蓝401","纯白色"],
       		"rongliang":[" 4G + 64GB401 "," 6G + 64GB "," 6G + 128GB "," 8G + 1T "," 8G + 512GB "],
       		"baoxian1":["坚果 R1 意外碎屏保修服务 ","“屏幕意外摔碎，可以免费更换 ? ”","149","0.41"],
       		"baoxian2":["坚果 R1 延长保修服务","将额外多获得 1 年保修服务","149","0.41"],
       		"baoxiu":["在您购买“意外碎屏保修服务”后的有效期内，由于意外坠落、意外挤压或碰撞等非蓄意破坏的原因导致手机屏幕碎裂，可免费更换一次原装屏幕组件。您可选择在手机初次联网激活时或收货次日起 3 日内访问 ","如您购买本服务，在手机正常“三包” 1 年保修期结束后，将额外多获得 1 年保修服务。延长保修服务期为 1 年，自手机正常“三包” 1 年服务期的截止日之次日零时开始，至第二年对应日之 24 时结束。"],
       		"price":"3,799.00",
       		"img":"https://resource.smartisan.com/resource/06c2253354096f5e9ebf0616f1af2086.png?x-oss-process=image/resize,w_527/format,webp"
        	 
         },
         "100046406":{
        	 	"name":"坚果 R1",
        		"highlights":"骁龙 845 处理器 · 光学防抖双摄像头 · 6.17 英寸压力感应屏幕 · 10W快速无线充电功能",
        		"maizeng":"赠软胶透明保护套（数量有限送完即止）",
        		"jiagou":"坚果 Pro 2S 加 199 元享高效办公套装优惠 ",
        		"lingjuan":"200 元坚果 Pro 2S 优惠券 ",
        		"yansen":["碳黑色（细红线版）","孔雀蓝","纯白色"],
        		"rongliang":[" 4G + 64GB "," 6G + 64GB "," 6G + 128GB "," 8G + 1T "," 8G + 512GB "],
        		"baoxian1":["坚果 R1 意外碎屏保修服务 ","“屏幕意外摔碎，可以免费更换 ? ”","149","0.41"],
        		"baoxian2":["坚果 R1 延长保修服务","将额外多获得 1 年保修服务","149","0.41"],
        		"baoxiu":["在您购买“意外碎屏保修服务”后的有效期内，由于意外坠落、意外挤压或碰撞等非蓄意破坏的原因导致手机屏幕碎裂，可免费更换一次原装屏幕组件。您可选择在手机初次联网激活时或收货次日起 3 日内访问 ","如您购买本服务，在手机正常“三包” 1 年保修期结束后，将额外多获得 1 年保修服务。延长保修服务期为 1 年，自手机正常“三包” 1 年服务期的截止日之次日零时开始，至第二年对应日之 24 时结束。"],
        		"price":"3,799.00",
        		"img":"https://resource.smartisan.com/resource/2077bb9819a652c36da473f379fe510b.png?x-oss-process=image/resize,w_527/format,webp"
         },
         "100046410":{
        	 "name":"坚果 R1",
     		"highlights":"骁龙 845 处理器 · 光学防抖双摄像头 · 6.17 英寸压力感应屏幕 · 10W快速无线充电功能",
     		"maizeng":"赠软胶透明保护套（数量有限送完即止）",
     		"jiagou":"坚果 Pro 2S 加 199 元享高效办公套装优惠 ",
     		"lingjuan":"200 元坚果 Pro 2S 优惠券 ",
     		"yansen":["碳黑色（细红线版）","孔雀蓝","纯白色"],
     		"rongliang":[" 4G + 64GB "," 6G + 64GB "," 6G + 128GB "," 8G + 1T "," 8G + 512GB "],
     		"baoxian1":["坚果 R1 意外碎屏保修服务 ","“屏幕意外摔碎，可以免费更换 ? ”","149","0.41"],
     		"baoxian2":["坚果 R1 延长保修服务","将额外多获得 1 年保修服务","149","0.41"],
     		"baoxiu":["在您购买“意外碎屏保修服务”后的有效期内，由于意外坠落、意外挤压或碰撞等非蓄意破坏的原因导致手机屏幕碎裂，可免费更换一次原装屏幕组件。您可选择在手机初次联网激活时或收货次日起 3 日内访问 ","如您购买本服务，在手机正常“三包” 1 年保修期结束后，将额外多获得 1 年保修服务。延长保修服务期为 1 年，自手机正常“三包” 1 年服务期的截止日之次日零时开始，至第二年对应日之 24 时结束。"],
     		"price":"3,799.00",
     		"img":"https://resource.smartisan.com/resource/17f254e6f809355d8fe66260ccb48fb0.png?x-oss-process=image/resize,w_527/format,webp"
         },
         "100035108":{     
        	"name":"坚果 Pro 2",
      		"highlights":"骁龙 ™ 660 处理器 · 1200 万 + 500 万像素双摄像头 · 3500mAh 大电池 · 18W 快速充电 · 人脸解锁 + 指纹解锁",
      		"maizeng":"赠软胶透明保护套（数量有限送完即止）",
      		"jiagou":"坚果 Pro 2S 加 199 元享高效办公套装优惠 ",
      		"lingjuan":"200 元坚果 Pro 2S 优惠券 ",
      		"yansen":["碳黑色（细红线版）","孔雀蓝","纯白色"],
      		"rongliang":[" 4G + 64GB "," 6G + 64GB "," 6G + 128GB "," 8G + 1T "," 8G + 512GB "],
      		"baoxian1":["坚果 Pro 2 意外碎屏保修服务 ","“屏幕意外摔碎，可以免费更换 ? ”","149","0.41"],
      		"baoxian2":["坚果 Pro 2 延长保修服务","将额外多获得 1 年保修服务","149","0.41"],
      		"baoxiu":["在您购买“意外碎屏保修服务”后的有效期内，由于意外坠落、意外挤压或碰撞等非蓄意破坏的原因导致手机屏幕碎裂，可免费更换一次原装屏幕组件。您可选择在手机初次联网激活时或收货次日起 3 日内访问 ","如您购买本服务，在手机正常“三包” 1 年保修期结束后，将额外多获得 1 年保修服务。延长保修服务期为 1 年，自手机正常“三包” 1 年服务期的截止日之次日零时开始，至第二年对应日之 24 时结束。"],
      		"price":"2,299.00",
      		"img":"https://resource.smartisan.com/resource/b07b9765e272f866da6acda4ee107d88.png?x-oss-process=image/resize,w_527/format,webp"
         },
         "100035107":{
        	 "name":"坚果 Pro 2",
       		"highlights":"骁龙 ™ 660 处理器 · 1200 万 + 500 万像素双摄像头 · 3500mAh 大电池 · 18W 快速充电 · 人脸解锁 + 指纹解锁",
       		"maizeng":"赠软胶透明保护套（数量有限送完即止）",
       		"jiagou":"坚果 Pro 2S 加 199 元享高效办公套装优惠 ",
       		"lingjuan":"200 元坚果 Pro 2S 优惠券 ",
       		"yansen":["碳黑色（细红线版）","孔雀蓝","纯白色"],
       		"rongliang":[" 4G + 64GB "," 6G + 64GB "," 6G + 128GB "," 8G + 1T "," 8G + 512GB "],
       		"baoxian1":["坚果 Pro 2 意外碎屏保修服务 ","“屏幕意外摔碎，可以免费更换 ? ”","149","0.41"],
       		"baoxian2":["坚果 Pro 2 延长保修服务","将额外多获得 1 年保修服务","149","0.41"],
       		"baoxiu":["在您购买“意外碎屏保修服务”后的有效期内，由于意外坠落、意外挤压或碰撞等非蓄意破坏的原因导致手机屏幕碎裂，可免费更换一次原装屏幕组件。您可选择在手机初次联网激活时或收货次日起 3 日内访问 ","如您购买本服务，在手机正常“三包” 1 年保修期结束后，将额外多获得 1 年保修服务。延长保修服务期为 1 年，自手机正常“三包” 1 年服务期的截止日之次日零时开始，至第二年对应日之 24 时结束。"],
       		"price":"2,299.00",
       		"img":"https://resource.smartisan.com/resource/fac4130efc39ed4db697cc8d137890e9.png?x-oss-process=image/resize,w_527/format,webp"
         },
         "100035110":{
        	 "name":"坚果 Pro 2",
        		"highlights":"骁龙 ™ 660 处理器 · 1200 万 + 500 万像素双摄像头 · 3500mAh 大电池 · 18W 快速充电 · 人脸解锁 + 指纹解锁",
        		"maizeng":"赠软胶透明保护套（数量有限送完即止）",
        		"jiagou":"坚果 Pro 2S 加 199 元享高效办公套装优惠 ",
        		"lingjuan":"200 元坚果 Pro 2S 优惠券 ",
        		"yansen":["碳黑色（细红线版）","孔雀蓝","纯白色"],
        		"rongliang":[" 4G + 64GB "," 6G + 64GB "," 6G + 128GB "," 8G + 1T "," 8G + 512GB "],
        		"baoxian1":["坚果 Pro 2 意外碎屏保修服务 ","“屏幕意外摔碎，可以免费更换 ? ”","149","0.41"],
        		"baoxian2":["坚果 Pro 2 延长保修服务","将额外多获得 1 年保修服务","149","0.41"],
        		"baoxiu":["在您购买“意外碎屏保修服务”后的有效期内，由于意外坠落、意外挤压或碰撞等非蓄意破坏的原因导致手机屏幕碎裂，可免费更换一次原装屏幕组件。您可选择在手机初次联网激活时或收货次日起 3 日内访问 ","如您购买本服务，在手机正常“三包” 1 年保修期结束后，将额外多获得 1 年保修服务。延长保修服务期为 1 年，自手机正常“三包” 1 年服务期的截止日之次日零时开始，至第二年对应日之 24 时结束。"],
        		"price":"2,299.00",
        		"img":"https://resource.smartisan.com/resource/cb762c4e848239e3173f2d1eb94c9628.png?x-oss-process=image/resize,w_527/format,webp"
         },
         "100035112":{
        	 "name":"坚果 Pro 2 ",
      		"highlights":"骁龙 845 处理器 · 光学防抖双摄像头 · 6.17 英寸压力感应屏幕 · 10W快速无线充电功能",
      		"maizeng":"赠软胶透明保护套（数量有限送完即止）",
      		"jiagou":"坚果 Pro 2S 加 199 元享高效办公套装优惠 ",
      		"lingjuan":"200 元坚果 Pro 2 特别版 优惠券 ",
      		"yansen":["碳黑色（细红线版）","孔雀蓝","纯白色"],
      		"rongliang":[" 4G + 64GB "," 6G + 64GB "," 6G + 128GB "," 8G + 1T "," 8G + 512GB "],
      		"baoxian1":["坚果 Pro 2  意外碎屏保修服务 ","“屏幕意外摔碎，可以免费更换 ? ”","149","0.41"],
      		"baoxian2":["坚果 Pro 2 延长保修服务","将额外多获得 1 年保修服务","149","0.41"],
      		"baoxiu":["在您购买“意外碎屏保修服务”后的有效期内，由于意外坠落、意外挤压或碰撞等非蓄意破坏的原因导致手机屏幕碎裂，可免费更换一次原装屏幕组件。您可选择在手机初次联网激活时或收货次日起 3 日内访问 ","如您购买本服务，在手机正常“三包” 1 年保修期结束后，将额外多获得 1 年保修服务。延长保修服务期为 1 年，自手机正常“三包” 1 年服务期的截止日之次日零时开始，至第二年对应日之 24 时结束。"],
      		"price":"1,899.00",
      		"img":"https://resource.smartisan.com/resource/6668df0e297bf04702df6d166091ac51.png?x-oss-process=image/resize,w_527/format,webp"
         },
         "100040601":{
        	 "name":"坚果 3",
       		"highlights":"三面无边框 Almost，4000mAh 超巨型电池，双 1300 万诚实双摄，双面玻璃 + 金属中框，人脸解锁 + 指纹支付",
       		"maizeng":"赠软胶透明保护套（数量有限送完即止）",
       		"jiagou":"坚果 Pro 2S 加 199 元享高效办公套装优惠 ",
       		"lingjuan":"200 元坚果 Pro 2 特别版 优惠券 ",
       		"yansen":["碳黑色（细红线版）","孔雀蓝","纯白色"],
       		"rongliang":[" 4G + 64GB "," 6G + 64GB "," 6G + 128GB "," 8G + 1T "," 8G + 512GB "],
       		"baoxian1":["坚果 3 特别版 意外碎屏保修服务 ","“屏幕意外摔碎，可以免费更换 ? ”","149","0.41"],
       		"baoxian2":["坚果 3  特别版延长保修服务","将额外多获得 1 年保修服务","149","0.41"],
       		"baoxiu":["在您购买“意外碎屏保修服务”后的有效期内，由于意外坠落、意外挤压或碰撞等非蓄意破坏的原因导致手机屏幕碎裂，可免费更换一次原装屏幕组件。您可选择在手机初次联网激活时或收货次日起 3 日内访问 ","如您购买本服务，在手机正常“三包” 1 年保修期结束后，将额外多获得 1 年保修服务。延长保修服务期为 1 年，自手机正常“三包” 1 年服务期的截止日之次日零时开始，至第二年对应日之 24 时结束。"],
       		"price":"1,599.00",
       		"img":"https://resource.smartisan.com/resource/13e91511f6ba3227ca5378fd2e93c54b.png?x-oss-process=image/resize,w_527/format,webp"
         },
         "100040603":{
        	 "name":"坚果 3",
        		"highlights":"三面无边框 Almost，4000mAh 超巨型电池，双 1300 万诚实双摄，双面玻璃 + 金属中框，人脸解锁 + 指纹支付",
        		"maizeng":"赠软胶透明保护套（数量有限送完即止）",
        		"jiagou":"坚果 Pro 2S 加 199 元享高效办公套装优惠 ",
        		"lingjuan":"200 元坚果 Pro 2 特别版 优惠券 ",
        		"yansen":["碳黑色（细红线版）","孔雀蓝","纯白色"],
        		"rongliang":[" 4G + 64GB "," 6G + 64GB "," 6G + 128GB "," 8G + 1T "," 8G + 512GB "],
        		"baoxian1":["坚果 3 特别版 意外碎屏保修服务 ","“屏幕意外摔碎，可以免费更换 ? ”","149","0.41"],
        		"baoxian2":["坚果 3  特别版延长保修服务","将额外多获得 1 年保修服务","149","0.41"],
        		"baoxiu":["在您购买“意外碎屏保修服务”后的有效期内，由于意外坠落、意外挤压或碰撞等非蓄意破坏的原因导致手机屏幕碎裂，可免费更换一次原装屏幕组件。您可选择在手机初次联网激活时或收货次日起 3 日内访问 ","如您购买本服务，在手机正常“三包” 1 年保修期结束后，将额外多获得 1 年保修服务。延长保修服务期为 1 年，自手机正常“三包” 1 年服务期的截止日之次日零时开始，至第二年对应日之 24 时结束。"],
        		"price":"1,599.00",
        		"img":"https://resource.smartisan.com/resource/fac4130efc39ed4db697cc8d137890e9.png?x-oss-process=image/resize,w_527/format,webp"
         },
         "100040605":{
        	 "name":"坚果 3",
        		"highlights":"三面无边框 Almost，4000mAh 超巨型电池，双 1300 万诚实双摄，双面玻璃 + 金属中框，人脸解锁 + 指纹支付",
        		"maizeng":"赠软胶透明保护套（数量有限送完即止）",
        		"jiagou":"坚果 Pro 2S 加 199 元享高效办公套装优惠 ",
        		"lingjuan":"200 元坚果 Pro 2 特别版 优惠券 ",
        		"yansen":["碳黑色（细红线版）","孔雀蓝","纯白色"],
        		"rongliang":[" 4G + 64GB "," 6G + 64GB "," 6G + 128GB "," 8G + 1T "," 8G + 512GB "],
        		"baoxian1":["坚果 3 特别版 意外碎屏保修服务 ","“屏幕意外摔碎，可以免费更换 ? ”","149","0.41"],
        		"baoxian2":["坚果 3  特别版延长保修服务","将额外多获得 1 年保修服务","149","0.41"],
        		"baoxiu":["在您购买“意外碎屏保修服务”后的有效期内，由于意外坠落、意外挤压或碰撞等非蓄意破坏的原因导致手机屏幕碎裂，可免费更换一次原装屏幕组件。您可选择在手机初次联网激活时或收货次日起 3 日内访问 ","如您购买本服务，在手机正常“三包” 1 年保修期结束后，将额外多获得 1 年保修服务。延长保修服务期为 1 年，自手机正常“三包” 1 年服务期的截止日之次日零时开始，至第二年对应日之 24 时结束。"],
        		"price":"1,599.00",
        		"img":"https://resource.smartisan.com/resource/91dc3f577960e30ca11b632e7b6ebd0f.png?x-oss-process=image/resize,w_527/format,webp"
         },
         "100040607":{
        	 "name":"坚果 3",
        		"highlights":"三面无边框 Almost，4000mAh 超巨型电池，双 1300 万诚实双摄，双面玻璃 + 金属中框，人脸解锁 + 指纹支付",
        		"maizeng":"赠软胶透明保护套（数量有限送完即止）",
        		"jiagou":"坚果 Pro 2S 加 199 元享高效办公套装优惠 ",
        		"lingjuan":"200 元坚果 Pro 2 特别版 优惠券 ",
        		"yansen":["碳黑色（细红线版）","孔雀蓝","纯白色"],
        		"rongliang":[" 4G + 64GB "," 6G + 64GB "," 6G + 128GB "," 8G + 1T "," 8G + 512GB "],
        		"baoxian1":["坚果 3 特别版 意外碎屏保修服务 ","“屏幕意外摔碎，可以免费更换 ? ”","149","0.41"],
        		"baoxian2":["坚果 3  特别版延长保修服务","将额外多获得 1 年保修服务","149","0.41"],
        		"baoxiu":["在您购买“意外碎屏保修服务”后的有效期内，由于意外坠落、意外挤压或碰撞等非蓄意破坏的原因导致手机屏幕碎裂，可免费更换一次原装屏幕组件。您可选择在手机初次联网激活时或收货次日起 3 日内访问 ","如您购买本服务，在手机正常“三包” 1 年保修期结束后，将额外多获得 1 年保修服务。延长保修服务期为 1 年，自手机正常“三包” 1 年服务期的截止日之次日零时开始，至第二年对应日之 24 时结束。"],
        		"price":"1,999.00",
        		"img":"https://resource.smartisan.com/resource/718bcecced0df1cd23bbdb9cc1f70b7d.png?x-oss-process=image/resize,w_527/format,webp"
         },
         "100040608":{
        	 "name":"坚果 3",
        		"highlights":"三面无边框 Almost，4000mAh 超巨型电池，双 1300 万诚实双摄，双面玻璃 + 金属中框，人脸解锁 + 指纹支付",
        		"maizeng":"赠软胶透明保护套（数量有限送完即止）",
        		"jiagou":"坚果 Pro 2S 加 199 元享高效办公套装优惠 ",
        		"lingjuan":"200 元坚果 Pro 2 特别版 优惠券 ",
        		"yansen":["碳黑色（细红线版）","孔雀蓝","纯白色"],
        		"rongliang":[" 4G + 64GB "," 6G + 64GB "," 6G + 128GB "," 8G + 1T "," 8G + 512GB "],
        		"baoxian1":["坚果 3 特别版 意外碎屏保修服务 ","“屏幕意外摔碎，可以免费更换 ? ”","149","0.41"],
        		"baoxian2":["坚果 3  特别版延长保修服务","将额外多获得 1 年保修服务","149","0.41"],
        		"baoxiu":["在您购买“意外碎屏保修服务”后的有效期内，由于意外坠落、意外挤压或碰撞等非蓄意破坏的原因导致手机屏幕碎裂，可免费更换一次原装屏幕组件。您可选择在手机初次联网激活时或收货次日起 3 日内访问 ","如您购买本服务，在手机正常“三包” 1 年保修期结束后，将额外多获得 1 年保修服务。延长保修服务期为 1 年，自手机正常“三包” 1 年服务期的截止日之次日零时开始，至第二年对应日之 24 时结束。"],
        		"price":"1,899.00",
        		"img":"https://resource.smartisan.com/resource/6668df0e297bf04702df6d166091ac51.png?x-oss-process=image/resize,w_527/format,webp"
         },
         "100040610":{
        	 "name":"坚果 3",
        		"highlights":"三面无边框 Almost，4000mAh 超巨型电池，双 1300 万诚实双摄，双面玻璃 + 金属中框，人脸解锁 + 指纹支付",
        		"maizeng":"赠软胶透明保护套（数量有限送完即止）",
        		"jiagou":"坚果 Pro 2S 加 199 元享高效办公套装优惠 ",
        		"lingjuan":"200 元坚果 Pro 2 特别版 优惠券 ",
        		"yansen":["碳黑色（细红线版）","孔雀蓝","纯白色"],
        		"rongliang":[" 4G + 64GB "," 6G + 64GB "," 6G + 128GB "," 8G + 1T "," 8G + 512GB "],
        		"baoxian1":["坚果 3 特别版 意外碎屏保修服务 ","“屏幕意外摔碎，可以免费更换 ? ”","149","0.41"],
        		"baoxian2":["坚果 3  特别版延长保修服务","将额外多获得 1 年保修服务","149","0.41"],
        		"baoxiu":["在您购买“意外碎屏保修服务”后的有效期内，由于意外坠落、意外挤压或碰撞等非蓄意破坏的原因导致手机屏幕碎裂，可免费更换一次原装屏幕组件。您可选择在手机初次联网激活时或收货次日起 3 日内访问 ","如您购买本服务，在手机正常“三包” 1 年保修期结束后，将额外多获得 1 年保修服务。延长保修服务期为 1 年，自手机正常“三包” 1 年服务期的截止日之次日零时开始，至第二年对应日之 24 时结束。"],
        		"price":"1,899.00",
        		"img":"https://resource.smartisan.com/resource/fac4130efc39ed4db697cc8d137890e9.png?x-oss-process=image/resize,w_527/format,webp"
         },
         "1000405":{
        	 "name":"畅呼吸智能空气净化器超级除甲醛版",
        		"highlights":"800CADR 超强空气净化能力，400CADR超强除甲醛能力，app远程操控，多种专业滤芯可供选择",
        		"maizeng":"满 2999 减 399；满 3599 减 599",
        		"jiagou":"200 元空气净化器超级除甲醛版优惠券 ",
        		"lingjuan":"200 元坚果 Pro 2 特别版 优惠券 ",
        		"yansen":["白色"],
        		"rongliang":[" 4G + 64GB "," 6G + 64GB "," 6G + 128GB "," 8G + 1T "," 8G + 512GB "],
        		"baoxian1":["坚果 3 特别版 意外碎屏保修服务 ","“屏幕意外摔碎，可以免费更换 ? ”","149","0.41"],
        		"baoxian2":["坚果 3  特别版延长保修服务","将额外多获得 1 年保修服务","149","0.41"],
        		"baoxiu":["在您购买“意外碎屏保修服务”后的有效期内，由于意外坠落、意外挤压或碰撞等非蓄意破坏的原因导致手机屏幕碎裂，可免费更换一次原装屏幕组件。您可选择在手机初次联网激活时或收货次日起 3 日内访问 ","如您购买本服务，在手机正常“三包” 1 年保修期结束后，将额外多获得 1 年保修服务。延长保修服务期为 1 年，自手机正常“三包” 1 年服务期的截止日之次日零时开始，至第二年对应日之 24 时结束。"],
        		"price":"3,899.00",
        		"img":"https://resource.smartisan.com/resource/71432ad30288fb860a4389881069b874.png?x-oss-process=image/resize,w_527/format,webp"
         },
         "1000548":{
        	 "name":"卫衣",
        		"highlights":"800CADR 超强空气净化能力，400CADR超强除甲醛能力，app远程操控，多种专业滤芯可供选择",
        		"maizeng":"满 2999 减 399；满 3599 减 599",
        		"jiagou":"200 元空气净化器超级除甲醛版优惠券 ",
        		"lingjuan":"200 元坚果 Pro 2 特别版 优惠券 ",
        		"yansen":["白色"],
        		"rongliang":[" 4G + 64GB "," 6G + 64GB "," 6G + 128GB "," 8G + 1T "," 8G + 512GB "],
        		"baoxian1":["坚果 3 特别版 意外碎屏保修服务 ","“屏幕意外摔碎，可以免费更换 ? ”","149","0.41"],
        		"baoxian2":["坚果 3  特别版延长保修服务","将额外多获得 1 年保修服务","149","0.41"],
        		"baoxiu":["在您购买“意外碎屏保修服务”后的有效期内，由于意外坠落、意外挤压或碰撞等非蓄意破坏的原因导致手机屏幕碎裂，可免费更换一次原装屏幕组件。您可选择在手机初次联网激活时或收货次日起 3 日内访问 ","如您购买本服务，在手机正常“三包” 1 年保修期结束后，将额外多获得 1 年保修服务。延长保修服务期为 1 年，自手机正常“三包” 1 年服务期的截止日之次日零时开始，至第二年对应日之 24 时结束。"],
        		"price":"3,899.00",
        		"img":"https://resource.smartisan.com/resource/fa25116df765cdbe469d31cb1a5d8c13.jpg?x-oss-process=image/resize,w_527/format,webp"
         },
         "1000338":{
        	 "name":"空气净化器",
        		"highlights":"Smartisan 卫衣 圆领 老友记",
        		"maizeng":"Smartisan 卫衣 圆领 老友记",
        		"jiagou":"Smartisan 卫衣 圆领 老友记 ",
        		"lingjuan":"Smartisan 卫衣 圆领 老友记 ",
        		"yansen":["黑色"],
        		"rongliang":[" 4G + 64GB "," 6G + 64GB "," 6G + 128GB "," 8G + 1T "," 8G + 512GB "],
        		"baoxian1":["坚果 3 特别版 意外碎屏保修服务 ","“屏幕意外摔碎，可以免费更换 ? ”","149","0.41"],
        		"baoxian2":["坚果 3  特别版延长保修服务","将额外多获得 1 年保修服务","149","0.41"],
        		"baoxiu":["在您购买“意外碎屏保修服务”后的有效期内，由于意外坠落、意外挤压或碰撞等非蓄意破坏的原因导致手机屏幕碎裂，可免费更换一次原装屏幕组件。您可选择在手机初次联网激活时或收货次日起 3 日内访问 ","如您购买本服务，在手机正常“三包” 1 年保修期结束后，将额外多获得 1 年保修服务。延长保修服务期为 1 年，自手机正常“三包” 1 年服务期的截止日之次日零时开始，至第二年对应日之 24 时结束。"],
        		"price":"3,899.00",
        		"img":"https://resource.smartisan.com/resource/6ff92d05a3bfab4fad489ca04d3eea5a.png?x-oss-process=image/resize,w_527/format,webp"
         },
         "1000422":{
        	 "name":"移动电源",
     		"highlights":"800CADR 超强空气净化能力，400CADR超强除甲醛能力，app远程操控，多种专业滤芯可供选择",
     		"maizeng":"满 2999 减 399；满 3599 减 599",
     		"jiagou":"200 元空气净化器超级除甲醛版优惠券 ",
     		"lingjuan":"200 元坚果 Pro 2 特别版 优惠券 ",
     		"yansen":["白色"],
     		"rongliang":[" 4G + 64GB "," 6G + 64GB "," 6G + 128GB "," 8G + 1T "," 8G + 512GB "],
     		"baoxian1":["坚果 3 特别版 意外碎屏保修服务 ","“屏幕意外摔碎，可以免费更换 ? ”","149","0.41"],
     		"baoxian2":["坚果 3  特别版延长保修服务","将额外多获得 1 年保修服务","149","0.41"],
     		"baoxiu":["在您购买“意外碎屏保修服务”后的有效期内，由于意外坠落、意外挤压或碰撞等非蓄意破坏的原因导致手机屏幕碎裂，可免费更换一次原装屏幕组件。您可选择在手机初次联网激活时或收货次日起 3 日内访问 ","如您购买本服务，在手机正常“三包” 1 年保修期结束后，将额外多获得 1 年保修服务。延长保修服务期为 1 年，自手机正常“三包” 1 年服务期的截止日之次日零时开始，至第二年对应日之 24 时结束。"],
     		"price":"3,899.00",
     		"img":"https://resource.smartisan.com/resource/afcec520933673b8e03a867e6502f6e0.jpg?x-oss-process=image/resize,w_527/format,webp"
      }
         
}