{
	"0":[{"img":"https://resource.smartisan.com/resource/b07b9765e272f866da6acda4ee107d88.png?x-oss-process=image/resize,w_527/format,webp","title":"坚果 Pro 2S 加 199 元享高效办公套装优惠1","spu":"100051701","price":"1798.00"},
	         {"img":"https://resource.smartisan.com/resource/25cc6e783a664fbdf83c3c34774a9826.png?x-oss-process=image/resize,w_527/format,webp","title":"坚果 Pro 2S 加 199 元享高效办公套装优惠2","spu":"100051704","price":"1998.00"},
	         {"img":"https://resource.smartisan.com/resource/2f2afca6f88e3aef5b1f332ea0c1d65a.png?x-oss-process=image/resize,w_527/format,webp","title":"坚果 Pro 2S 加 199 元享高效办公套装优惠3","spu":"100051706","price":"2998.00"},
	         {"img":"https://resource.smartisan.com/resource/6668df0e297bf04702df6d166091ac51.png?x-oss-process=image/resize,w_527/format,webp","title":"坚果 Pro 2S 加 199 元享高效办公套装优惠4","spu":"100051708","price":"1938.00"}
	        ],
	"1":[{"img":"https://resource.smartisan.com/resource/06c2253354096f5e9ebf0616f1af2086.png?x-oss-process=image/resize,w_527/format,webp","title":"坚果 R1 加 199 元享高效办公套装优惠1","spu":"100046401","price":"1998.00"},
			 {"img":"https://resource.smartisan.com/resource/2077bb9819a652c36da473f379fe510b.png?x-oss-process=image/resize,w_527/format,webp","title":"坚果 R1 加 199 元享高效办公套装优惠2","spu":"100046406","price":"2998.00"},
			 {"img":"https://resource.smartisan.com/resource/17f254e6f809355d8fe66260ccb48fb0.png?x-oss-process=image/resize,w_527/format,webp","title":"坚果 R1 加 199 元享高效办公套装优惠3","spu":"100046410","price":"3998.00"}
			],
	"2":[{"img":"https://resource.smartisan.com/resource/b07b9765e272f866da6acda4ee107d88.png?x-oss-process=image/resize,w_527/format,webp","title":"坚果 Pro 2 加 199 元享高效办公套装优惠1","spu":"100035108","price":"1998.00"},
	         {"img":"https://resource.smartisan.com/resource/fac4130efc39ed4db697cc8d137890e9.png?x-oss-process=image/resize,w_527/format,webp","title":"坚果 Pro 2 加 199 元享高效办公套装优惠2","spu":"100035107","price":"2998.00"},
	         {"img":"https://resource.smartisan.com/resource/cb762c4e848239e3173f2d1eb94c9628.png?x-oss-process=image/resize,w_527/format,webp","title":"坚果 Pro 2 加 199 元享高效办公套装优惠3","spu":"100035110","price":"3998.00"},
	         {"img":"https://resource.smartisan.com/resource/6668df0e297bf04702df6d166091ac51.png?x-oss-process=image/resize,w_527/format,webp","title":"坚果 Pro 2 加 199 元享高效办公套装优惠4","spu":"100035112","price":"4998.00"}
	        ],
	"3":[{"img":"https://resource.smartisan.com/resource/13e91511f6ba3227ca5378fd2e93c54b.png?x-oss-process=image/resize,w_527/format,webp","title":"坚果 Pro 3 加 199 元享高效办公套装优惠1","spu":"100040601","price":"2991.00"},
	         {"img":"https://resource.smartisan.com/resource/fac4130efc39ed4db697cc8d137890e9.png?x-oss-process=image/resize,w_527/format,webp","title":"坚果 Pro 3 加 199 元享高效办公套装优惠2","spu":"100040603","price":"2992.00"},
	         {"img":"https://resource.smartisan.com/resource/91dc3f577960e30ca11b632e7b6ebd0f.png?x-oss-process=image/resize,w_527/format,webp","title":"坚果 Pro 3 加 199 元享高效办公套装优惠3","spu":"100040605","price":"3998.00"},
	         {"img":"https://resource.smartisan.com/resource/718bcecced0df1cd23bbdb9cc1f70b7d.png?x-oss-process=image/resize,w_527/format,webp","title":"坚果 Pro 3 加 199 元享高效办公套装优惠4","spu":"100040607","price":"2995.00"},
	         {"img":"https://resource.smartisan.com/resource/6668df0e297bf04702df6d166091ac51.png?x-oss-process=image/resize,w_527/format,webp","title":"坚果 Pro 3 加 199 元享高效办公套装优惠5","spu":"100040608","price":"2996.00"},
	         {"img":"https://resource.smartisan.com/resource/fac4130efc39ed4db697cc8d137890e9.png?x-oss-process=image/resize,w_527/format,webp","title":"坚果 Pro 3 加 199 元享高效办公套装优惠6","spu":"100040610","price":"2997.00"}
	        ],
	"4":[{"img":"https://resource.smartisan.com/resource/71432ad30288fb860a4389881069b874.png?x-oss-process=image/resize,w_216/format,webp","title":"畅呼吸智能空气净化器 · 超级除甲醛版","spu":"100040610","price":"3499.00"}
	         
			],
	"5":[{"img":"https://resource.smartisan.com/resource/1f35153a250a2898bf8846a031e0f0ab.jpg?x-oss-process=image/resize,w_216/format,webp","title":"Smartisan 卫衣 圆领 老友记","spu":"100040610","price":"199.00"},
	         {"img":"https://resource.smartisan.com/resource/fa25116df765cdbe469d31cb1a5d8c13.jpg?x-oss-process=image/resize,w_216/format,webp","title":"Smartisan 卫衣 圆领 老友记","spu":"100040610","price":"199.00"}
			],
	"6":[{"img":"https://resource.smartisan.com/resource/6ff92d05a3bfab4fad489ca04d3eea5a.png?x-oss-process=image/resize,w_216/format,webp","title":"畅呼吸智能空气净化器 · 标准版","spu":"100040610","price":"4998.00"}
	         
			],
	"7":[{"img":"https://resource.smartisan.com/resource/afcec520933673b8e03a867e6502f6e0.jpg?x-oss-process=image/resize,w_216/format,webp","title":"坚果“电池形电池”移动电源1","spu":"100040610","price":"2998.00"},
	         {"img":"https://resource.smartisan.com/resource/435846fb6d6d3192fee132d2e36339c7.jpg?x-oss-process=image/resize,w_216/format,webp","title":"坚果“电池形电池”移动电源2","spu":"100040610","price":"2998.00"},
	         {"img":"https://resource.smartisan.com/resource/f5a36dfc37d52a643683f4a21247f3ff.jpg?x-oss-process=image/resize,w_216/format,webp","title":"坚果“电池形电池”移动电源3","spu":"100040610","price":"2998.00"},
	         {"img":"https://resource.smartisan.com/resource/8d8f9a1e239f8fcd2308776f49ba09f6.jpg?x-oss-process=image/resize,w_216/format,webp","title":"坚果“电池形电池”移动电源4","spu":"100040610","price":"2998.00"}
			]
}